Workbook

Sheet Kalkulasi
B1: EA & EI | SHEET PILE BETON
B3: Corrugated prestressed concrete • Input biru dapat diubah • Keluaran dalam sistem kN–m
B5: 01 INPUT PERHITUNGAN | F5: 04 HASIL PER METER DINDING
B6: Proyek / catatan | F6: EA per meter lebar dinding
B7: Tipe sheet pile | C7: W-400 | F7: =IF($C$27="OK",G17/$C$26,"") -> 5961496.6
B8: Kuat tekan beton, f'c | C8: 62.5 | D8: MPa
B9: E manual (opsional) | D9: MPa | F9: kN/m • αA × E × A / b
B10: Faktor kekakuan aksial, αA | C10: 1 | D10: 0 < αA ≤ 1
B11: Faktor kekakuan lentur, αI | C11: 1 | D11: 0 < αI ≤ 1 | F11: EI per meter lebar dinding
F12: =IF($C$27="OK",G18/$C$26,"") -> 92776.631
B13: 02 PENAMPANG MANUAL
B14: Lebar efektif manual, b | C14: 996 | D14: mm | F14: kN·m²/m • αI × E × I / b
B15: Luas manual, A | C15: 1598 | D15: cm²
B16: Inersia manual, I | C16: 248691 | D16: cm⁴ | F16: HASIL PER BATANG • SETELAH FAKTOR
F17: EA = αA × E × A | G17: =IF($C$27="OK",$C$10*G21,"") -> 5937650.6 | H17: kN
B18: 03 PARAMETER TERPAKAI | F18: EI = αI × E × I | G18: =IF($C$27="OK",$C$11*G22,"") -> 92405.524 | H18: kN·m²
B19: Ec estimasi = 4700√f'c | C19: =IFERROR(IF(C8>0,4700*SQRT(C8),""),"") -> 37156.763 | D19: MPa
B20: E yang digunakan | C20: =IF(C9="",C19,IFERROR(IF(C9>0,C9,""),"")) -> 37156.763 | D20: MPa | F20: HASIL BRUTO PER BATANG
B21: Lebar efektif, b | C21: =IFERROR(IF(C7="Manual",C14,VLOOKUP(C7,Data_Produk!$B$7:$H$12,4,FALSE)),"") -> 996 | D21: mm | F21: EA bruto = E × A | G21: =IF($C$27="OK",$C$20*1000*$C$24,"") -> 5937650.6 | H21: kN
B22: Luas penampang, A | C22: =IFERROR(IF(C7="Manual",C15,VLOOKUP(C7,Data_Produk!$B$7:$H$12,5,FALSE)),"") -> 1598 | D22: cm² | F22: EI bruto = E × I | G22: =IF($C$27="OK",$C$20*1000*$C$25,"") -> 92405.524 | H22: kN·m²
B23: Momen inersia, I | C23: =IFERROR(IF(C7="Manual",C16,VLOOKUP(C7,Data_Produk!$B$7:$H$12,6,FALSE)),"") -> 248691 | D23: cm⁴
B24: A dalam satuan m² | C24: =IFERROR(IF(C22>0,C22*10^-4,""),"") -> 0.1598 | D24: m² | F24: ASUMSI PERHITUNGAN
B25: I dalam satuan m⁴ | C25: =IFERROR(IF(C23>0,C23*10^-8,""),"") -> 0.00248691 | D25: m⁴ | F25: Penampang beton bruto; I mengikuti sumbu pada katalog. Nilai awal αA = αI = 1,00. Perhitungan ini menghasilkan kekakuan elastis.
B26: b dalam satuan m | C26: =IFERROR(IF(C21>0,C21/1000,""),"") -> 0.996 | D26: m
B27: Status input | C27: =IFERROR(IF(AND(COUNT(C20,C24:C26,C10:C11)=6,C20>0,C24>0,C25>0,C26>0,C10>0,C10<=1,C11>0,C11<=1),"OK","PERIKSA INPUT"),"PERIKSA INPUT") -> OK
B29: SATUAN • E [kN/m²] = E [MPa] × 1.000 | A [m²] = A [cm²] × 10⁻⁴ | I [m⁴] = I [cm⁴] × 10⁻⁸
B31: E awal adalah estimasi untuk beton berat normal (Ec = 4700√f'c dalam MPa; bentuk persamaan SNI 2847:2019 §19.2.2.1.b). Gunakan E dari uji/produsen atau standar proyek bila tersedia. Efek tulangan/prategang, retak dan rangkak tidak dihitung otomatis.
B34: Lebar 996 mm diasumsikan sebagai lebar efektif terpasang. Verifikasi terhadap katalog produsen. Untuk lebar atau penampang lain, pilih Manual. Data manual C14:C16 hanya aktif saat tipe Manual dipilih.
B37: Baca petunjuk dan dasar perhitungan →

Sheet Data_Produk
B1: DATA PENAMPANG | KATALOG
B3: Sumber: gambar “Corrugated Prestressed Concrete Sheet Piles” yang dilampirkan pengguna.
B6: Tipe | C6: Tinggi total (mm) | D6: Tebal (mm) | E6: Lebar efektif* (mm) | F6: Luas A (cm²/batang) | G6: Inersia I (cm⁴/batang) | H6: Berat satuan (kg/m)
B7: W-325 | C7: 325 | D7: 110 | E7: 996 | F7: 1315 | G7: 134264 | H7: 329
B8: W-350 | C8: 350 | D8: 120 | E8: 996 | F8: 1468 | G8: 169432 | H8: 368
B9: W-400 | C9: 400 | D9: 120 | E9: 996 | F9: 1598 | G9: 248691 | H9: 400
B10: W-450 | C10: 450 | D10: 120 | E10: 996 | F10: 1825 | G10: 353363 | H10: 459
B11: W-500 | C11: 500 | D11: 120 | E11: 996 | F11: 1818 | G11: 462373 | H11: 455
B12: W-600 | C12: 600 | D12: 120 | E12: 996 | F12: 2078 | G12: 765907 | H12: 520
B14: Mutu beton pada gambar: f'c = 62,5 MPa. Sel biru adalah data sumber yang dapat diperbarui sesuai katalog proyek. Nama tipe dipakai sebagai kunci pencarian; pertahankan nama tipe agar pilihan pada Kalkulasi tetap cocok.
B17: * Lebar pada gambar = 996 mm; template menganggapnya sebagai lebar efektif terpasang. Pastikan definisi lebar, luas per batang, dan sumbu I pada katalog asli sebelum dipakai dalam model.
B20: Angka “1.315” dibaca 1.315 cm² (seribu tiga ratus lima belas); “134.264” dibaca 134.264 cm⁴. Luas W-500 = 1.818 cm², sedikit lebih kecil dari W-450 = 1.825 cm²; nilai dipertahankan sesuai gambar.
B23: Kelas A/B dan momen retak/ultimit tidak digunakan untuk EA dan EI bruto. Evaluasi kapasitas, tingkat retak, pengaruh prategang dan kekakuan efektif memerlukan data serta analisis tersendiri.

Sheet Rekap
B1: REKAP | SELURUH TIPE
B3: Memakai E serta faktor αA dan αI dari sheet Kalkulasi; perubahan tipe terpilih tidak mengubah daftar rekap.
B4: E (MPa) | C4: =Kalkulasi!C20 -> 37156.763 | D4: αA | E4: =Kalkulasi!C10 -> 1 | F4: αI | G4: =Kalkulasi!C11 -> 1
B6: Tipe | C6: A (cm²) | D6: I (cm⁴) | E6: b (m) | F6: EA batang (kN) | G6: EI batang (kN·m²) | H6: EA per m (kN/m) | I6: EI per m (kN·m²/m)
B7: =Data_Produk!B7 -> W-325 | C7: =Data_Produk!F7 -> 1315 | D7: =Data_Produk!G7 -> 134264 | E7: =Data_Produk!E7/1000 -> 0.996 | F7: =IFERROR(IF(AND(ISNUMBER($C$4),$C$4>0,ISNUMBER($E$4),$E$4>0,$E$4<=1,ISNUMBER($G$4),$G$4>0,$G$4<=1,ISNUMBER(C7),C7>0,ISNUMBER(D7),D7>0,ISNUMBER(E7),E7>0),$C$4*1000*C7*10^-4*$E$4,""),"") -> 4886114.3 | G7: =IFERROR(IF(AND(ISNUMBER($C$4),$C$4>0,ISNUMBER($E$4),$E$4>0,$E$4<=1,ISNUMBER($G$4),$G$4>0,$G$4<=1,ISNUMBER(C7),C7>0,ISNUMBER(D7),D7>0,ISNUMBER(E7),E7>0),$C$4*1000*D7*10^-8*$G$4,""),"") -> 49888.156 | H7: =IFERROR(IF(AND(ISNUMBER($C$4),$C$4>0,ISNUMBER($E$4),$E$4>0,$E$4<=1,ISNUMBER($G$4),$G$4>0,$G$4<=1,ISNUMBER(C7),C7>0,ISNUMBER(D7),D7>0,ISNUMBER(E7),E7>0),F7/E7,""),"") -> 4905737.2 | I7: =IFERROR(IF(AND(ISNUMBER($C$4),$C$4>0,ISNUMBER($E$4),$E$4>0,$E$4<=1,ISNUMBER($G$4),$G$4>0,$G$4<=1,ISNUMBER(C7),C7>0,ISNUMBER(D7),D7>0,ISNUMBER(E7),E7>0),G7/E7,""),"") -> 50088.51
B8: =Data_Produk!B8 -> W-350 | C8: =Data_Produk!F8 -> 1468 | D8: =Data_Produk!G8 -> 169432 | E8: =Data_Produk!E8/1000 -> 0.996 | F8: =IFERROR(IF(AND(ISNUMBER($C$4),$C$4>0,ISNUMBER($E$4),$E$4>0,$E$4<=1,ISNUMBER($G$4),$G$4>0,$G$4<=1,ISNUMBER(C8),C8>0,ISNUMBER(D8),D8>0,ISNUMBER(E8),E8>0),$C$4*1000*C8*10^-4*$E$4,""),"") -> 5454612.7 | G8: =IFERROR(IF(AND(ISNUMBER($C$4),$C$4>0,ISNUMBER($E$4),$E$4>0,$E$4<=1,ISNUMBER($G$4),$G$4>0,$G$4<=1,ISNUMBER(C8),C8>0,ISNUMBER(D8),D8>0,ISNUMBER(E8),E8>0),$C$4*1000*D8*10^-8*$G$4,""),"") -> 62955.446 | H8: =IFERROR(IF(AND(ISNUMBER($C$4),$C$4>0,ISNUMBER($E$4),$E$4>0,$E$4<=1,ISNUMBER($G$4),$G$4>0,$G$4<=1,ISNUMBER(C8),C8>0,ISNUMBER(D8),D8>0,ISNUMBER(E8),E8>0),F8/E8,""),"") -> 5476518.8 | I8: =IFERROR(IF(AND(ISNUMBER($C$4),$C$4>0,ISNUMBER($E$4),$E$4>0,$E$4<=1,ISNUMBER($G$4),$G$4>0,$G$4<=1,ISNUMBER(C8),C8>0,ISNUMBER(D8),D8>0,ISNUMBER(E8),E8>0),G8/E8,""),"") -> 63208.279
B9: =Data_Produk!B9 -> W-400 | C9: =Data_Produk!F9 -> 1598 | D9: =Data_Produk!G9 -> 248691 | E9: =Data_Produk!E9/1000 -> 0.996 | F9: =IFERROR(IF(AND(ISNUMBER($C$4),$C$4>0,ISNUMBER($E$4),$E$4>0,$E$4<=1,ISNUMBER($G$4),$G$4>0,$G$4<=1,ISNUMBER(C9),C9>0,ISNUMBER(D9),D9>0,ISNUMBER(E9),E9>0),$C$4*1000*C9*10^-4*$E$4,""),"") -> 5937650.6 | G9: =IFERROR(IF(AND(ISNUMBER($C$4),$C$4>0,ISNUMBER($E$4),$E$4>0,$E$4<=1,ISNUMBER($G$4),$G$4>0,$G$4<=1,ISNUMBER(C9),C9>0,ISNUMBER(D9),D9>0,ISNUMBER(E9),E9>0),$C$4*1000*D9*10^-8*$G$4,""),"") -> 92405.524 | H9: =IFERROR(IF(AND(ISNUMBER($C$4),$C$4>0,ISNUMBER($E$4),$E$4>0,$E$4<=1,ISNUMBER($G$4),$G$4>0,$G$4<=1,ISNUMBER(C9),C9>0,ISNUMBER(D9),D9>0,ISNUMBER(E9),E9>0),F9/E9,""),"") -> 5961496.6 | I9: =IFERROR(IF(AND(ISNUMBER($C$4),$C$4>0,ISNUMBER($E$4),$E$4>0,$E$4<=1,ISNUMBER($G$4),$G$4>0,$G$4<=1,ISNUMBER(C9),C9>0,ISNUMBER(D9),D9>0,ISNUMBER(E9),E9>0),G9/E9,""),"") -> 92776.631
B10: =Data_Produk!B10 -> W-450 | C10: =Data_Produk!F10 -> 1825 | D10: =Data_Produk!G10 -> 353363 | E10: =Data_Produk!E10/1000 -> 0.996 | F10: =IFERROR(IF(AND(ISNUMBER($C$4),$C$4>0,ISNUMBER($E$4),$E$4>0,$E$4<=1,ISNUMBER($G$4),$G$4>0,$G$4<=1,ISNUMBER(C10),C10>0,ISNUMBER(D10),D10>0,ISNUMBER(E10),E10>0),$C$4*1000*C10*10^-4*$E$4,""),"") -> 6781109.2 | G10: =IFERROR(IF(AND(ISNUMBER($C$4),$C$4>0,ISNUMBER($E$4),$E$4>0,$E$4<=1,ISNUMBER($G$4),$G$4>0,$G$4<=1,ISNUMBER(C10),C10>0,ISNUMBER(D10),D10>0,ISNUMBER(E10),E10>0),$C$4*1000*D10*10^-8*$G$4,""),"") -> 131298.25 | H10: =IFERROR(IF(AND(ISNUMBER($C$4),$C$4>0,ISNUMBER($E$4),$E$4>0,$E$4<=1,ISNUMBER($G$4),$G$4>0,$G$4<=1,ISNUMBER(C10),C10>0,ISNUMBER(D10),D10>0,ISNUMBER(E10),E10>0),F10/E10,""),"") -> 6808342.5 | I10: =IFERROR(IF(AND(ISNUMBER($C$4),$C$4>0,ISNUMBER($E$4),$E$4>0,$E$4<=1,ISNUMBER($G$4),$G$4>0,$G$4<=1,ISNUMBER(C10),C10>0,ISNUMBER(D10),D10>0,ISNUMBER(E10),E10>0),G10/E10,""),"") -> 131825.55
B11: =Data_Produk!B11 -> W-500 | C11: =Data_Produk!F11 -> 1818 | D11: =Data_Produk!G11 -> 462373 | E11: =Data_Produk!E11/1000 -> 0.996 | F11: =IFERROR(IF(AND(ISNUMBER($C$4),$C$4>0,ISNUMBER($E$4),$E$4>0,$E$4<=1,ISNUMBER($G$4),$G$4>0,$G$4<=1,ISNUMBER(C11),C11>0,ISNUMBER(D11),D11>0,ISNUMBER(E11),E11>0),$C$4*1000*C11*10^-4*$E$4,""),"") -> 6755099.4 | G11: =IFERROR(IF(AND(ISNUMBER($C$4),$C$4>0,ISNUMBER($E$4),$E$4>0,$E$4<=1,ISNUMBER($G$4),$G$4>0,$G$4<=1,ISNUMBER(C11),C11>0,ISNUMBER(D11),D11>0,ISNUMBER(E11),E11>0),$C$4*1000*D11*10^-8*$G$4,""),"") -> 171802.84 | H11: =IFERROR(IF(AND(ISNUMBER($C$4),$C$4>0,ISNUMBER($E$4),$E$4>0,$E$4<=1,ISNUMBER($G$4),$G$4>0,$G$4<=1,ISNUMBER(C11),C11>0,ISNUMBER(D11),D11>0,ISNUMBER(E11),E11>0),F11/E11,""),"") -> 6782228.3 | I11: =IFERROR(IF(AND(ISNUMBER($C$4),$C$4>0,ISNUMBER($E$4),$E$4>0,$E$4<=1,ISNUMBER($G$4),$G$4>0,$G$4<=1,ISNUMBER(C11),C11>0,ISNUMBER(D11),D11>0,ISNUMBER(E11),E11>0),G11/E11,""),"") -> 172492.81
B12: =Data_Produk!B12 -> W-600 | C12: =Data_Produk!F12 -> 2078 | D12: =Data_Produk!G12 -> 765907 | E12: =Data_Produk!E12/1000 -> 0.996 | F12: =IFERROR(IF(AND(ISNUMBER($C$4),$C$4>0,ISNUMBER($E$4),$E$4>0,$E$4<=1,ISNUMBER($G$4),$G$4>0,$G$4<=1,ISNUMBER(C12),C12>0,ISNUMBER(D12),D12>0,ISNUMBER(E12),E12>0),$C$4*1000*C12*10^-4*$E$4,""),"") -> 7721175.2 | G12: =IFERROR(IF(AND(ISNUMBER($C$4),$C$4>0,ISNUMBER($E$4),$E$4>0,$E$4<=1,ISNUMBER($G$4),$G$4>0,$G$4<=1,ISNUMBER(C12),C12>0,ISNUMBER(D12),D12>0,ISNUMBER(E12),E12>0),$C$4*1000*D12*10^-8*$G$4,""),"") -> 284586.25 | H12: =IFERROR(IF(AND(ISNUMBER($C$4),$C$4>0,ISNUMBER($E$4),$E$4>0,$E$4<=1,ISNUMBER($G$4),$G$4>0,$G$4<=1,ISNUMBER(C12),C12>0,ISNUMBER(D12),D12>0,ISNUMBER(E12),E12>0),F12/E12,""),"") -> 7752184 | I12: =IFERROR(IF(AND(ISNUMBER($C$4),$C$4>0,ISNUMBER($E$4),$E$4>0,$E$4<=1,ISNUMBER($G$4),$G$4>0,$G$4<=1,ISNUMBER(C12),C12>0,ISNUMBER(D12),D12>0,ISNUMBER(E12),E12>0),G12/E12,""),"") -> 285729.16
B14: EA dan EI pada rekap sudah dikalikan faktor αA dan αI. Nilai awal keduanya 1,00 sehingga hasil sama dengan kekakuan bruto. Jika input material/faktor tidak valid, hasil rekap dikosongkan.
B17: Untuk model elemen plate 2D per satuan lebar: gunakan kolom EA per m dan EI per m dengan sistem satuan kN–m. Untuk elemen batang individual: gunakan kolom EA batang dan EI batang. Cocokkan definisi serta satuan pada perangkat lunak yang dipakai.

Sheet Petunjuk
B1: PETUNJUK | RUMUS & ASUMSI
B4: CARA PAKAI
B5: 1 Buka Kalkulasi, pilih tipe W-325 s.d. W-600. Pilih Manual untuk memasukkan b, A dan I sendiri. Sel biru dapat diedit; sel abu-abu dan hijau berisi hasil rumus.
B7: 2 Masukkan f'c dalam MPa. Kosongkan E manual untuk memakai Ec = 4700√f'c. Isi E manual bila tersedia nilai uji atau rekomendasi produsen; isian ini menggantikan nilai estimasi.
B9: 3 Tetapkan faktor αA dan αI (awal 1,00), lalu baca hasil per batang atau per meter dinding. Gunakan Rekap untuk membandingkan seluruh tipe dengan E dan faktor yang sama.
B11: RUMUS DAN SATUAN
B12: Ec [MPa] = 4700 × √f'c [MPa], untuk beton berat normal. Persamaan estimasi: SNI 2847:2019 §19.2.2.1.b. Estimasi ini perlu disesuaikan dengan material serta ketentuan proyek.
B14: Konversi: 1 MPa = 1.000 kN/m²; 1 cm² = 10⁻⁴ m²; 1 cm⁴ = 10⁻⁸ m⁴; 1 mm = 0,001 m. Luas dan inersia katalog dianggap untuk satu batang.
B16: Per batang: EA bruto = E × A [kN]; EI bruto = E × I [kN·m²]. Setelah faktor: EA = αA × EA bruto; EI = αI × EI bruto. EA dan EI bukan EA/L atau 12EI/L³; panjang batang tidak diperlukan untuk EA dan EI.
B18: Per meter lebar dinding: EA/m = αA × E × A / b [kN/m]; EI/m = αI × E × I / b [kN·m²/m]. b adalah lebar efektif terpasang satu batang dalam meter. Pembagian lebar dilakukan satu kali.
B21: BATASAN MODEL & SUMBER
B22: Data penampang berasal dari gambar pengguna (judul “Corrugated Prestressed Concrete Sheet Piles”). Tanggal, revisi dan produsen katalog tidak tercantum jelas pada gambar. Verifikasi angka terhadap katalog proyek; titik pada data sumber dibaca sebagai pemisah ribuan.
... B31: ← Kembali ke Kalkulasi
